[
    {
        "name": "Valarions",
        "description": "No description provided",
        "created_by": 367407989046378506,
        "created_at": "2025-04-17T20:44:42.801000+00:00"
    },
    {
        "name": "Red_Pirates",
        "description": "No description provided",
        "created_by": 367407989046378506,
        "created_at": "2025-04-17T21:06:37.567000+00:00"
    },
    {
        "name": "Northern_Blade",
        "description": "No description provided",
        "created_by": 367407989046378506,
        "created_at": "2025-04-17T21:07:09.638000+00:00"
    },
    {
        "name": "Hakuna_Matata",
        "description": "No description provided",
        "created_by": 367407989046378506,
        "created_at": "2025-04-17T21:07:18.952000+00:00"
    },
    {
        "name": "Stalingrad",
        "description": "No description provided",
        "created_by": 367407989046378506,
        "created_at": "2025-04-17T21:07:31.075000+00:00"
    },
    {
        "name": "Genei_Ryodan",
        "description": "No description provided",
        "created_by": 367407989046378506,
        "created_at": "2025-04-17T21:08:22.640000+00:00"
    },
    {
        "name": "Straw_hats",
        "description": "No description provided",
        "created_by": 367407989046378506,
        "created_at": "2025-04-17T21:08:29.428000+00:00"
    },
    {
        "name": "Shadow_Angels",
        "description": "No description provided",
        "created_by": 367407989046378506,
        "created_at": "2025-04-17T21:08:42.463000+00:00"
    },
    {
        "name": "Uchiha_Clan",
        "description": "No description provided",
        "created_by": 367407989046378506,
        "created_at": "2025-04-17T21:09:09.525000+00:00"
    }
]